transaction_id,item
T001,coffee
T001,croissant
T002,coffee
T002,croissant
T003,coffee
T003,croissant
T004,coffee
T004,croissant
T005,coffee
T005,croissant
T006,coffee
T006,croissant
T007,coffee
T007,croissant
T008,coffee
T008,croissant
T009,coffee
T009,croissant
T010,coffee
T010,croissant
T011,coffee
T011,croissant
T012,coffee
T012,croissant
T013,coffee
T014,coffee
T015,coffee
T016,coffee
T017,coffee
T018,coffee
T019,coffee
T020,coffee
T021,tea
T021,cake
T022,tea
T022,cake
T023,tea
T023,cake
T024,tea
T024,cake
T025,tea
T025,cake
T026,tea
T026,cake
T027,tea
T027,cake
T028,tea
T029,cake
T030,sandwich
T030,soup
T031,sandwich
T031,soup
T032,sandwich
T032,soup
T033,sandwich
T033,soup
T034,sandwich
T034,soup
T035,sandwich
T035,soup
T036,sandwich
T037,sandwich
T038,sandwich
T039,salad
T040,juice
